cliente,obra,tipo,fecha,monto,medio,detalle,tipo_pago
CESAR AUGUSTO MIRADORES,PUERTO RICO,seguimiento,,800000,,DEPOSITO,pago
DOUGLAS LEAL,CALLE 9 # 17-25,seguimiento,,1500000,,DEPOSITO,pago
EDINSON CARRILLO,CALLE 48 #26-63 POBLADO GIRON,seguimiento,,2026,,CANCELADO 6 JUNIO 2026,pago
GIOVANNY SIERRA,CRA 13 #6-26 SAN RAFAEL,seguimiento,2026-06-18,130000,,"CANCELO 130,000",pago
JAZMIN PACHECO,MIRADORES DE LA UIS,seguimiento,,500000,,DEPOSITO,pago
KEVIN ANDRES,CALLE 1O #19-49,seguimiento,2026-06-03,50000,,"ABONO 50,000",abono
LUZ MARINA PEREZ,CRA 8B #10B-04,seguimiento,,300000,,JUNIO 10 2026,pago
LUZ MARINA PEREZ,CRA 8B #10B-04,seguimiento,,700000,,JUNIO 10 2026,pago
NELSON PADILLA,CALLE 1B#18-08,seguimiento,,900000,,DEPOSITO EFECTIVO,pago
